{"RuleTriggered": 0, "Violations": 0, "Details": {"pin_memory": false, "num_workers": 0, "cores": 36, "dataloaders": 1, "dataloading_time": {"p25": 0.022817999999999998, "p50": 0.024043000000000002, "p95": 0.02567875, "probs": [1, 0, 0, 0, 0, 0, 0, 0, 0, 0, 0, 0, 0, 0, 0, 0, 0, 0, 0, 0, 0, 0, 0, 0, 0, 0, 0, 0, 0, 0, 0, 0, 0, 0, 0, 0, 0, 0, 0, 0, 0, 0, 0, 0, 0, 0, 0, 0, 0, 0, 0, 0, 0, 0, 0, 0, 0, 0, 0, 0, 0, 0, 0, 0, 0, 0, 0, 0, 0, 0, 0, 0, 0, 0, 0, 0, 0, 0, 1, 0, 1, 0, 0, 0, 0, 1, 1, 0, 1, 0, 1, 2, 0, 0, 0, 0, 0, 0, 0, 1], "binedges": [0.006677, 0.006874959999999999, 0.00707292, 0.0072708799999999995, 0.00746884, 0.0076668, 0.00786476, 0.008062719999999999, 0.00826068, 0.00845864, 0.0086566, 0.008854560000000001, 0.00905252, 0.00925048, 0.009448439999999999, 0.0096464, 0.00984436, 0.01004232, 0.010240280000000001, 0.01043824, 0.0106362, 0.010834159999999999, 0.01103212, 0.01123008, 0.01142804, 0.011626000000000001, 0.01182396, 0.01202192, 0.012219879999999999, 0.01241784, 0.0126158, 0.01281376, 0.013011720000000001, 0.01320968, 0.01340764, 0.013605599999999999, 0.01380356, 0.01400152, 0.01419948, 0.014397440000000001, 0.014595400000000001, 0.014793359999999998, 0.014991319999999999, 0.01518928, 0.01538724, 0.0155852, 0.01578316, 0.01598112, 0.01617908, 0.01637704, 0.016575, 0.01677296, 0.01697092, 0.01716888, 0.01736684, 0.017564800000000002, 0.01776276, 0.01796072, 0.01815868, 0.01835664, 0.0185546, 0.01875256, 0.018950520000000002, 0.01914848, 0.01934644, 0.0195444, 0.01974236, 0.01994032, 0.02013828, 0.020336240000000002, 0.0205342, 0.02073216, 0.02093012, 0.02112808, 0.02132604, 0.021524, 0.021721960000000002, 0.02191992, 0.02211788, 0.02231584, 0.0225138, 0.02271176, 0.022909719999999998, 0.02310768, 0.02330564, 0.0235036, 0.02370156, 0.02389952, 0.02409748, 0.024295439999999998, 0.0244934, 0.02469136, 0.02488932, 0.02508728, 0.02528524, 0.0254832, 0.025681159999999998, 0.02587912, 0.02607708, 0.02627504, 0.026473]}}, "Datapoints": 10, "RuleParameters": "min_threshold:70\nmax_threshold:200"}