{"RuleTriggered": 0, "Violations": 0, "Details": {"step_num": {"first": 1660245649433653, "last": 1660248154065055}, "job_start": 1660245579.000774, "job_end": 1660248179.501133}, "Datapoints": 86, "RuleParameters": "threshold:20"}