{"RuleTriggered": 0, "Violations": 0, "Details": {"ratio": {"cpu_functions": 100.0}, "phase": {"Step:ModeKeys.GLOBAL": 109.57941027185987, "others": -9.579410271859864}, "phase_time": {}, "general": {"DataLoaderIterInitialize": 0.008053821835412523, "Forward": 99.98323215655219, "DataLoaderIter": 0.008714021612394787}, "CPU": {"dropout": 2.946155988144557, "matmul": 10.279594473156159, "mm": 30.265872285979412, "NativeLayerNormBackward": 5.867234201508094, "native_layer_norm_backward": 5.8657288125973555, "MmBackward": 21.261855039421913, "GeluBackward": 11.756948249959192, "gelu_backward": 11.756610949233332}, "CPU_total": {"dropout": 11581958, "matmul": 40411245, "mm": 118981501, "NativeLayerNormBackward": 23065330, "native_layer_norm_backward": 23059412, "MmBackward": 83584818, "GeluBackward": 46219033, "gelu_backward": 46217707}}, "Datapoints": 0, "RuleParameters": ""}